{"graph": {"_type": "graph-file", "path": "media/graph/graph_summary_21bfa3b4.graph.json", "sha256": "21bfa3b4a89043d812ed60df308123aba832dba26c39190c856d3714b9de194c", "size": 927}, "loss": 0.0027557673281989993, "_runtime": 21.79138159751892, "_timestamp": 1598421986.5540538, "epoch": 89, "_step": 89}
