{"graph": {"_type": "graph-file", "path": "media/graph/graph_summary_21bfa3b4.graph.json", "sha256": "21bfa3b4a89043d812ed60df308123aba832dba26c39190c856d3714b9de194c", "size": 927}, "_runtime": 18.915730237960815, "epoch": 89, "_timestamp": 1598422045.037872, "_step": 89, "loss": 0.0032330540518159976}
